state,county
California,Los Angeles
Illinois,Cook
Texas,Harris
Arizona,Maricopa
California,San Diego
California,Orange
Florida,Miami-Dade
Texas,Dallas
New York,Kings
California,Riverside
New York,Queens
Washington,King
Nevada,Clark
California,San Bernardino
Texas,Tarrant
Texas,Bexar
California,Santa Clara
Florida,Broward
Michigan,Wayne
California,Alameda
New York,New York
Massachusetts,Middlesex
Pennsylvania,Philadelphia
California,Sacramento
New York,Suffolk
Florida,Palm Beach
New York,Bronx
Florida,Hillsborough
New York,Nassau
Florida,Orange
Ohio,Franklin
Michigan,Oakland
Ohio,Cuyahoga
Minnesota,Hennepin
Texas,Travis
Pennsylvania,Allegheny
Virginia,Fairfax
California,Contra Costa
Utah,Salt Lake
North Carolina,Mecklenburg
North Carolina,Wake
Maryland,Montgomery
Georgia,Fulton
Arizona,Pima
Missouri,St. Louis
Hawaii,Honolulu
California,Fresno
Texas,Collin
New York,Westchester
Florida,Pinellas
Indiana,Marion
Wisconsin,Milwaukee
Connecticut,Fairfield
Tennessee,Shelby
Florida,Duval
New Jersey,Bergen
Illinois,DuPage
New York,Erie
Georgia,Gwinnett
Maryland,Prince George's
Connecticut,Hartford
California,Kern
Washington,Pierce
California,San Francisco
Michigan,Macomb
Connecticut,New Haven
Texas,Hidalgo
California,Ventura
Texas,El Paso
Texas,Denton
Maryland,Baltimore
New Jersey,Middlesex
Massachusetts,Worcester
Pennsylvania,Montgomery
Ohio,Hamilton
Oregon,Multnomah
Washington,Snohomish
Massachusetts,Suffolk
New Jersey,Essex
Oklahoma,Oklahoma
Massachusetts,Essex
California,San Mateo
Kentucky,Jefferson
Texas,Fort Bend
Georgia,Cobb
Georgia,DeKalb
New York,Monroe
California,San Joaquin
Florida,Lee
Colorado,Denver
Illinois,Lake
Massachusetts,Norfolk
Colorado,El Paso
Missouri,Jackson
District of Columbia,District of Columbia
Illinois,Will
Tennessee,Davidson
Florida,Polk
New Mexico,Bernalillo
New Jersey,Hudson
Alabama,Jefferson
Michigan,Kent
Oklahoma,Tulsa
Colorado,Arapahoe
Rhode Island,Providence
Pennsylvania,Bucks
New Jersey,Monmouth
Utah,Utah
New Jersey,Ocean
Kansas,Johnson
Oregon,Washington
Florida,Brevard
Colorado,Jefferson
Texas,Montgomery
Maryland,Anne Arundel
Pennsylvania,Delaware
Massachusetts,Bristol
Nebraska,Douglas
Delaware,New Castle
New Jersey,Union
Texas,Williamson
Minnesota,Ramsey
California,Stanislaus
Ohio,Summit
Pennsylvania,Lancaster
Florida,Volusia
Wisconsin,Dane
Ohio,Montgomery
Illinois,Kane
North Carolina,Guilford
Florida,Pasco
Pennsylvania,Chester
Massachusetts,Plymouth
Kansas,Sedgwick
South Carolina,Greenville
New Jersey,Camden
Washington,Spokane
Colorado,Adams
New Jersey,Passaic
California,Sonoma
New Jersey,Morris
Indiana,Lake
Iowa,Polk
New York,Richmond
Washington,Clark
Massachusetts,Hampden
New York,Onondaga
California,Tulare
Virginia,Prince William
Florida,Seminole
Tennessee,Knox
Nevada,Washoe
Idaho,Ada
Virginia,Virginia Beach
New Jersey,Burlington
Pennsylvania,York
California,Santa Barbara
Louisiana,East Baton Rouge
California,Solano
Louisiana,Jefferson
California,Monterey
Arizona,Pinal
Ohio,Lucas
Texas,Cameron
Minnesota,Dakota
Florida,Sarasota
Pennsylvania,Berks
Alabama,Mobile
New Hampshire,Hillsborough
South Carolina,Richland
Oregon,Clackamas
Michigan,Genesee
South Carolina,Charleston
Wisconsin,Waukesha
Virginia,Loudoun
Missouri,St. Charles
Arkansas,Pulaski
Louisiana,Orleans
California,Placer
Florida,Manatee
New York,Orange
Ohio,Butler
North Carolina,Forsyth
Oregon,Lane
Indiana,Allen
Ohio,Stark
Florida,Collier
New Jersey,Mercer
Michigan,Washtenaw
Pennsylvania,Lehigh
Alabama,Madison
Texas,Nueces
Tennessee,Hamilton
Texas,Brazoria
Florida,Marion
Pennsylvania,Westmoreland
Florida,Osceola
Minnesota,Anoka
Texas,Bell
Florida,Lake
Utah,Davis
Colorado,Larimer
Virginia,Chesterfield
Oregon,Marion
Colorado,Douglas
Texas,Galveston
North Carolina,Cumberland
South Carolina,Horry
New Jersey,Somerset
Virginia,Henrico
New York,Rockland
Indiana,Hamilton
Colorado,Boulder
Kentucky,Fayette
Maryland,Howard
Pennsylvania,Luzerne
Tennessee,Rutherford
Florida,Escambia
Nebraska,Lancaster
Florida,St. Lucie
North Carolina,Durham
Illinois,McHenry
Ohio,Lorain
South Carolina,Spartanburg
New York,Albany
New Hampshire,Rockingham
Colorado,Weld
Texas,Lubbock
Pennsylvania,Northampton
New York,Dutchess
Alaska,Anchorage
Maine,Cumberland
New Jersey,Gloucester
Michigan,Ingham
South Carolina,Lexington
Florida,Leon
Missouri,Greene
Georgia,Chatham
Michigan,Ottawa
Illinois,Winnebago
Georgia,Clayton
California,San Luis Obispo
Washington,Thurston
Oklahoma,Cleveland
Pennsylvania,Dauphin
California,Santa Cruz
Pennsylvania,Erie
Texas,Webb
California,Merced
Indiana,St. Joseph
Connecticut,New London
New Jersey,Atlantic
Washington,Kitsap
South Carolina,York
Arkansas,Benton
Florida,Alachua
Illinois,Madison
Michigan,Kalamazoo
Illinois,St. Clair
Wisconsin,Brown
California,Marin
North Carolina,Buncombe
Minnesota,Washington
Louisiana,St. Tammany
Texas,Jefferson
Maryland,Harford
Utah,Weber
Maryland,Frederick
Texas,McLennan
Washington,Yakima
Pennsylvania,Cumberland
Georgia,Cherokee
Louisiana,Caddo
Florida,St. Johns
Virginia,Norfolk
Missouri,Clay
Louisiana,Lafayette
Virginia,Chesapeake
Mississippi,Hinds
Virginia,Arlington
Arkansas,Washington
North Carolina,Union
Ohio,Mahoning
New York,Oneida
Ohio,Lake
Ohio,Warren
New York,Saratoga
Georgia,Forsyth
Arizona,Yavapai
North Carolina,New Hanover
Texas,Smith
Alabama,Montgomery
Virginia,Richmond
California,Butte
Tennessee,Williamson
Georgia,Henry
Delaware,Sussex
Missouri,Jefferson
Iowa,Linn
Texas,Brazos
Washington,Whatcom
North Carolina,Gaston
Idaho,Canyon
California,Yolo
Oregon,Jackson
New Mexico,Do√±a Ana
South Carolina,Berkeley
Massachusetts,Barnstable
Alabama,Shelby
Texas,Hays
Alabama,Baldwin
Florida,Clay
New York,Niagara
Pennsylvania,Lackawanna
Illinois,Champaign
Arizona,Yuma
Arizona,Mohave
Alabama,Tuscaloosa
Pennsylvania,Washington
North Carolina,Cabarrus
Indiana,Elkhart
Mississippi,Harrison
Maine,York
Ohio,Clermont
Florida,Okaloosa
Georgia,Richmond
Louisiana,Calcasieu
Ohio,Delaware
Ohio,Trumbull
Tennessee,Montgomery
Minnesota,St. Louis
Hawaii,Hawaii
Georgia,Hall
South Carolina,Anderson
Washington,Benton
North Carolina,Johnston
Illinois,Sangamon
Georgia,Muscogee
Wisconsin,Racine
North Carolina,Onslow
New York,Broome
Michigan,Saginaw
Indiana,Tippecanoe
Michigan,Livingston
South Dakota,Minnehaha
California,El Dorado
Pennsylvania,Butler
Florida,Hernando
Oregon,Deschutes
South Carolina,Beaufort
Wisconsin,Outagamie
Tennessee,Sumner
West Virginia,Kanawha
Illinois,Peoria
Florida,Bay
Connecticut,Litchfield
Indiana,Vanderburgh
Nebraska,Sarpy
Florida,Charlotte
California,Imperial
Virginia,Newport News
California,Shasta
Mississippi,DeSoto
New York,Ulster
North Carolina,Pitt
Ohio,Medina
Kansas,Shawnee
Missouri,Boone
North Dakota,Cass
Delaware,Kent
North Carolina,Iredell
Florida,Santa Rosa
Texas,Ellis
Ohio,Licking
Michigan,Muskegon
Illinois,McLean
Iowa,Scott
Wisconsin,Winnebago
Indiana,Porter
Wisconsin,Kenosha
South Carolina,Aiken
Texas,Midland
Pennsylvania,Monroe
Maryland,Carroll
Texas,Johnson
Ohio,Greene
Colorado,Pueblo
Hawaii,Maui
Pennsylvania,Beaver
Utah,Washington
Kentucky,Kenton
North Carolina,Davidson
Kansas,Wyandotte
Rhode Island,Kent
Indiana,Hendricks
North Carolina,Alamance
Connecticut,Middlesex
Vermont,Chittenden
Ohio,Portage
Wisconsin,Rock
Pennsylvania,Centre
Alabama,Lee
Massachusetts,Hampshire
Texas,Ector
Georgia,Paulding
Maryland,Charles
Michigan,St. Clair
New York,Rensselaer
Florida,Martin
Montana,Yellowstone
Texas,Guadalupe
Michigan,Jackson
Minnesota,Stearns
South Carolina,Dorchester
Virginia,Alexandria
North Carolina,Catawba
Idaho,Kootenai
Tennessee,Sullivan
Louisiana,Ouachita
California,Madera
New York,Schenectady
Minnesota,Olmsted
Ohio,Fairfield
Pennsylvania,Franklin
Michigan,Berrien
Florida,Indian River
Indiana,Johnson
Georgia,Houston
Georgia,Bibb
Mississippi,Rankin
New Jersey,Cumberland
Maine,Penobscot
Colorado,Mesa
Connecticut,Tolland
Georgia,Columbia
California,Kings
Maryland,Washington
New Hampshire,Merrimack
Michigan,Monroe
New Mexico,Santa Fe
Iowa,Johnson
Virginia,Stafford
Indiana,Monroe
Minnesota,Scott
Florida,Citrus
North Carolina,Orange
Illinois,Rock Island
Georgia,Douglas
Georgia,Coweta
North Carolina,Randolph
New Mexico,Sandoval
Pennsylvania,Schuylkill
Mississippi,Jackson
Texas,Comal
New Jersey,Sussex
Arizona,Coconino
Oklahoma,Canadian
North Carolina,Rowan
Pennsylvania,Lebanon
California,Napa
Louisiana,Livingston
South Carolina,Florence
Texas,Taylor
Tennessee,Wilson
California,Humboldt
Wisconsin,Marathon
Virginia,Hampton
Wisconsin,Washington
Ohio,Clark
Minnesota,Wright
Michigan,Calhoun
Texas,Randall
Texas,Parker
Illinois,Tazewell
Pennsylvania,Cambria
Virginia,Spotsylvania
North Carolina,Robeson
Iowa,Black Hawk
North Carolina,Harnett
Louisiana,Tangipahoa
North Carolina,Brunswick
Texas,Wichita
Pennsylvania,Fayette
Texas,Grayson
Louisiana,Rapides
Kentucky,Boone
Ohio,Wood
Tennessee,Blount
Indiana,Madison
New Hampshire,Strafford
Kentucky,Warren
New York,Chautauqua
Tennessee,Washington
Arkansas,Sebastian
New Mexico,San Juan
Louisiana,Bossier
Massachusetts,Berkshire
Georgia,Clarke
Rhode Island,Washington
Illinois,Kendall
Arizona,Cochise
Washington,Skagit
Oregon,Linn
Florida,Sumter
New Jersey,Hunterdon
Utah,Cache
South Carolina,Pickens
Texas,Kaufman
Arkansas,Faulkner
North Carolina,Wayne
Texas,Gregg
Pennsylvania,Blair
Louisiana,Ascension
Oklahoma,Comanche
Maine,Kennebec
Ohio,Richland
Kansas,Douglas
Missouri,Jasper
Texas,Potter
Arkansas,Saline
Alabama,Morgan
New York,Oswego
Texas,Tom Green
Wisconsin,La Crosse
Montana,Missoula
Georgia,Carroll
Connecticut,Windham
Indiana,Clark
Michigan,Allegan
Ohio,Wayne
Georgia,Lowndes
West Virginia,Berkeley
Wisconsin,Sheboygan
Indiana,Delaware
North Carolina,Henderson
Alabama,Calhoun
Idaho,Bonneville
Pennsylvania,Lycoming
New York,Jefferson
Georgia,Fayette
Maryland,St. Mary's
Louisiana,Terrebonne
Pennsylvania,Mercer
South Dakota,Pennington
Illinois,Kankakee
Indiana,LaPorte
Florida,Flagler
Illinois,LaSalle
New York,Ontario
Michigan,Eaton
Arizona,Navajo
Oregon,Douglas
New York,St. Lawrence
Kentucky,Hardin
Georgia,Newton
Montana,Gallatin
Maine,Androscoggin
Indiana,Vigo
Virginia,Albemarle
Arkansas,Craighead
Washington,Cowlitz
South Carolina,Sumter
New Jersey,Warren
Tennessee,Bradley
Virginia,Hanover
Illinois,Macon
West Virginia,Monongalia
Ohio,Miami
Alaska,Matanuska-Susitna
Georgia,Bartow
Oregon,Yamhill
Alabama,Houston
Mississippi,Madison
Illinois,DeKalb
Georgia,Whitfield
Michigan,Bay
Missouri,Cass
Wisconsin,Eau Claire
Florida,Highlands
Missouri,Franklin
Ohio,Columbiana
Ohio,Allen
Wisconsin,Walworth
Alabama,Etowah
New York,Tompkins
Wisconsin,Fond du Lac
Iowa,Woodbury
Maryland,Cecil
Maryland,Wicomico
North Carolina,Craven
Pennsylvania,Adams
Minnesota,Carver
Missouri,Platte
Kentucky,Daviess
Montana,Flathead
California,Nevada
Virginia,Roanoke
Alaska,Fairbanks North Star
New York,Putnam
Arkansas,Garland
Michigan,Lenawee
Wyoming,Laramie
Virginia,Montgomery
Louisiana,Lafourche
Ohio,Ashtabula
Tennessee,Madison
Georgia,Floyd
North Carolina,Moore
North Carolina,Cleveland
Texas,Rockwall
Tennessee,Sevier
Iowa,Dubuque
Iowa,Story
New York,Steuben
California,Sutter
Alabama,Marshall
Washington,Grant
Virginia,Portsmouth
North Dakota,Burleigh
Alabama,Limestone
Minnesota,Sherburne
West Virginia,Cabell
Texas,Hunt
North Carolina,Nash
Ohio,Geauga
Iowa,Pottawattamie
Texas,Bowie
New Jersey,Cape May
Kentucky,Campbell
Alabama,Lauderdale
Ohio,Tuscarawas
South Carolina,Lancaster
Michigan,Grand Traverse
Texas,Victoria
Washington,Franklin
Tennessee,Maury
Pennsylvania,Northumberland
Maryland,Calvert
Georgia,Walton
Oklahoma,Rogers
Oregon,Benton
North Carolina,Rockingham
Kentucky,Madison
New York,Wayne
Virginia,Suffolk
North Carolina,Burke
New Hampshire,Grafton
Georgia,Rockdale
Georgia,Dougherty
Wisconsin,St. Croix
Wisconsin,Ozaukee
Missouri,Buchanan
Michigan,Lapeer
Alabama,St. Clair
Wisconsin,Dodge
South Carolina,Orangeburg
Texas,Angelina
California,Mendocino
Iowa,Dallas
Pennsylvania,Lawrence
Virginia,Frederick
Oregon,Josephine
Ohio,Muskingum
Idaho,Bannock
Pennsylvania,Crawford
Missouri,Christian
Mississippi,Lee
Pennsylvania,Indiana
West Virginia,Wood
New York,Chemung
Idaho,Twin Falls
Wisconsin,Jefferson
Texas,Bastrop
Georgia,Glynn
Texas,Orange
Texas,Liberty
Michigan,Midland
Louisiana,St. Landry
Florida,Nassau
Oregon,Polk
North Carolina,Lincoln
Washington,Island
Alabama,Cullman
Rhode Island,Newport
Indiana,Bartholomew
Indiana,Howard
North Carolina,Caldwell
Oklahoma,Payne
Montana,Cascade
North Carolina,Wilson
Alabama,Elmore
Texas,Henderson
Kansas,Leavenworth
New York,Clinton
Virginia,Lynchburg
Alabama,Talladega
Wyoming,Natrona
Virginia,Rockingham
Kentucky,Bullitt
Pennsylvania,Clearfield
Wisconsin,Manitowoc
Indiana,Kosciusko
Georgia,Barrow
Oklahoma,Wagoner
Arkansas,White
Missouri,Cape Girardeau
Michigan,Clinton
Virginia,Bedford
Washington,Lewis
Illinois,Vermilion
South Carolina,Oconee
Tennessee,Putnam
New York,Cayuga
Indiana,Floyd
Oregon,Umatilla
New York,Cattaraugus
Ohio,Ross
Missouri,Cole
California,Yuba
Mississippi,Lauderdale
Washington,Chelan
Georgia,Bulloch
Tennessee,Anderson
New Hampshire,Cheshire
Ohio,Scioto
New Mexico,Valencia
Ohio,Hancock
Florida,Monroe
Washington,Clallam
Michigan,Van Buren
Texas,Coryell
West Virginia,Raleigh
Mississippi,Forrest
Indiana,Hancock
New York,Sullivan
Virginia,Augusta
Kansas,Riley
Virginia,James City
Ohio,Erie
Pennsylvania,Somerset
Florida,Putnam
Wisconsin,Wood
Washington,Grays Harbor
Arkansas,Lonoke
New Mexico,McKinley
Texas,Walker
Oklahoma,Pottawatomie
North Carolina,Surry
Louisiana,Iberia
Hawaii,Kauai
Arizona,Apache
Maryland,Allegany
Oklahoma,Creek
Kentucky,Christian
North Carolina,Chatham
Alabama,DeKalb
New York,Madison
Michigan,Isabella
Wisconsin,Portage
Massachusetts,Franklin
South Carolina,Greenwood
Tennessee,Robertson
New Mexico,Lea
North Dakota,Grand Forks
Florida,Columbia
Indiana,Morgan
Georgia,Troup
Virginia,Fauquier
Arkansas,Jefferson
North Carolina,Carteret
Georgia,Walker
Tennessee,Greene
North Dakota,Ward
Oklahoma,Muskogee
North Carolina,Wilkes
Mississippi,Jones
Michigan,Shiawassee
Florida,Walton
Ohio,Belmont
Virginia,York
West Virginia,Harrison
Colorado,Broomfield
Georgia,Jackson
Maine,Aroostook
Montana,Lewis and Clark
Utah,Tooele
Illinois,Williamson
South Carolina,Darlington
Texas,San Patricio
Oregon,Klamath
South Carolina,Laurens
Minnesota,Blue Earth
Georgia,Catoosa
Kansas,Butler
Michigan,Marquette
Missouri,St. Francois
North Carolina,Rutherford
Texas,Harrison
Indiana,Grant
Ohio,Jefferson
North Carolina,Franklin
Indiana,Wayne
Texas,Wise
Minnesota,Rice
New Mexico,Otero
Illinois,Adams
Kentucky,Oldham
Ohio,Athens
Pennsylvania,Armstrong
Pennsylvania,Columbia
Indiana,Boone
Texas,Nacogdoches
Georgia,Spalding
Ohio,Marion
Kentucky,McCracken
New Mexico,Chaves
South Carolina,Kershaw
Kentucky,Pulaski
Michigan,Ionia
New York,Warren
Minnesota,Crow Wing
California,Lake
Tennessee,Hamblen
Alabama,Walker
Texas,Starr
Wisconsin,Sauk
California,Tehama
Wisconsin,Chippewa
Pennsylvania,Carbon
Washington,Mason
Arkansas,Pope
Oregon,Coos
New York,Livingston
Minnesota,Clay
Michigan,Montcalm
North Carolina,Sampson
New Jersey,Salem
Kansas,Reno
Arkansas,Crawford
Louisiana,Acadia
Indiana,Warrick
New York,Herkimer
Mississippi,Lamar
South Carolina,Georgetown
Oklahoma,Garfield
New York,Washington
North Carolina,Stanly
Ohio,Knox
Tennessee,Tipton
Georgia,Liberty
Nebraska,Hall
Virginia,Pittsylvania
North Carolina,Haywood
Pennsylvania,Bradford
New Hampshire,Belknap
Michigan,St. Joseph
Michigan,Barry
North Carolina,Lee
Georgia,Effingham
Ohio,Washington
North Carolina,Pender
California,San Benito
New York,Columbia
Washington,Walla Walla
Kentucky,Laurel
Ohio,Lawrence
New York,Otsego
West Virginia,Mercer
Louisiana,Vermilion
Kentucky,Pike
North Carolina,Granville
Tennessee,Cumberland
Mississippi,Lowndes
Colorado,Garfield
Ohio,Sandusky
North Carolina,Duplin
Vermont,Rutland
Alaska,Kenai Peninsula
Vermont,Washington
Ohio,Huron
Texas,Hood
Minnesota,Otter Tail
Missouri,Newton
Texas,Maverick
Illinois,Jackson
Alabama,Russell
Texas,Anderson
New York,Genesee
Ohio,Pickaway
New Mexico,Eddy
Alabama,Blount
Maine,Oxford
Georgia,Gordon
Wisconsin,Columbia
South Carolina,Cherokee
South Dakota,Lincoln
Texas,Hardin
North Carolina,Lenoir
Ohio,Union
Tennessee,Hawkins
West Virginia,Putnam
West Virginia,Jefferson
Missouri,Lincoln
Tennessee,Carter
West Virginia,Marion
Virginia,Franklin
North Carolina,Columbus
Illinois,Whiteside
Colorado,La Plata
Pennsylvania,Pike
Alabama,Autauga
Ohio,Seneca
Minnesota,Chisago
Vermont,Windsor
Virginia,Campbell
Mississippi,Pearl River
Tennessee,Coffee
Missouri,Taney
Texas,Van Zandt
Oklahoma,Grady
North Carolina,Watauga
Nevada,Carson City
Alabama,Colbert
Kansas,Saline
Colorado,Eagle
Kentucky,Scott
Maine,Hancock
Nevada,Lyon
Virginia,Washington
California,Tuolumne
North Carolina,Hoke
Utah,Box Elder
Texas,Rusk
Louisiana,St. Martin
Missouri,Johnson
Tennessee,Jefferson
New York,Fulton
Mississippi,Lafayette
Arizona,Gila
Illinois,Boone
Ohio,Ashland
Virginia,Harrisonburg
Georgia,Camden
Tennessee,Roane
Tennessee,McMinn
Kentucky,Jessamine
Michigan,Tuscola
Louisiana,St. Charles
Tennessee,Dickson
North Carolina,Edgecombe
Missouri,Pulaski
Tennessee,Loudon
Nevada,Elko
Texas,Cherokee
Oklahoma,Washington
Alabama,Jackson
Texas,Kerr
Texas,Waller
Pennsylvania,Venango
Maryland,Worcester
Wisconsin,Grant
Alabama,Coffee
Michigan,Cass
Ohio,Darke
Pennsylvania,Wayne
Oregon,Columbia
Illinois,Coles
Virginia,Henry
Wisconsin,Waupaca
Utah,Iron
North Carolina,Halifax
Virginia,Culpeper
Illinois,Ogle
Louisiana,St. Mary
Minnesota,Winona
Illinois,Grundy
Kentucky,Franklin
Maine,Somerset
Illinois,Knox
New York,Franklin
Iowa,Warren
Texas,Medina
Oklahoma,Le Flore
Wisconsin,Calumet
New Mexico,Curry
Louisiana,Vernon
Maryland,Queen Anne's
Texas,Lamar
Texas,Atascosa
Mississippi,Oktibbeha
Indiana,Dearborn
New York,Montgomery
Alabama,Dale
Illinois,Henry
Washington,Whitman
Tennessee,Gibson
Nebraska,Buffalo
Texas,Wilson
Vermont,Franklin
Texas,Navarro
Texas,Val Verde
Texas,Polk
Rhode Island,Bristol
Ohio,Shelby
New York,Tioga
Arkansas,Crittenden
Oklahoma,Cherokee
Oregon,Lincoln
Michigan,Newaygo
Pennsylvania,Bedford
Oklahoma,Carter
Tennessee,Bedford
Indiana,Henry
New Hampshire,Carroll
Nevada,Douglas
Florida,Jackson
New York,Chenango
New York,Cortland
Kentucky,Boyd
Indiana,Noble
New York,Greene
Wyoming,Campbell
Georgia,Laurens
Kentucky,Shelby
Colorado,Fremont
Louisiana,Lincoln
Oklahoma,Osage
North Carolina,Beaufort
Virginia,Charlottesville
Mississippi,Hancock
Iowa,Clinton
New York,Allegany
Oklahoma,Logan
Texas,Burnet
Mississippi,Warren
Arizona,Santa Cruz
Indiana,Marshall
Oklahoma,Bryan
Louisiana,Washington
Minnesota,Beltrami
Pennsylvania,Mifflin
Louisiana,St. Bernard
Minnesota,Goodhue
Tennessee,Monroe
Mississippi,Washington
Pennsylvania,Perry
South Carolina,Chesterfield
Florida,Gadsden
Washington,Kittitas
Idaho,Bingham
Kentucky,Henderson
North Carolina,Stokes
Wisconsin,Monroe
Michigan,Hillsdale
Ohio,Auglaize
Kentucky,Nelson
Indiana,Lawrence
California,Calaveras
Georgia,Colquitt
Missouri,Camden
Illinois,Macoupin
Pennsylvania,Huntingdon
Kentucky,Hopkins
Ohio,Logan
Wisconsin,Barron
North Carolina,McDowell
Minnesota,Itasca
Georgia,Baldwin
Pennsylvania,Union
Illinois,Stephenson
North Carolina,Richmond
New York,Delaware
Arkansas,Greene
Missouri,Callaway
Wisconsin,Dunn
Washington,Stevens
Georgia,Thomas
Missouri,Phelps
Georgia,Habersham
North Carolina,Vance
Indiana,Shelby
Oklahoma,Kay
Nevada,Nye
Texas,Wood
Oklahoma,Pittsburg
Ohio,Madison
Alabama,Chilton
Florida,Suwannee
Indiana,Jackson
Ohio,Holmes
Kentucky,Barren
Pennsylvania,Jefferson
Texas,Kendall
Oklahoma,Stephens
Idaho,Bonner
West Virginia,Fayette
Arkansas,Miller
Ohio,Brown
Wyoming,Sweetwater
Michigan,Branch
California,Siskiyou
Wisconsin,Polk
Tennessee,Lawrence
Wisconsin,Douglas
Michigan,Mecosta
Louisiana,St. John the Baptist
Virginia,Shenandoah
New Hampshire,Sullivan
Georgia,Coffee
Ohio,Highland
North Carolina,Jackson
Indiana,DeKalb
Iowa,Muscatine
Minnesota,Kandiyohi
Iowa,Cerro Gordo
Vermont,Windham
Missouri,Butler
Indiana,Dubois
Montana,Ravalli
Oklahoma,Delaware
Missouri,Pettis
North Carolina,Davie
Ohio,Fulton
Texas,Caldwell
West Virginia,Ohio
Arkansas,Mississippi
Washington,Douglas
Wisconsin,Pierce
Ohio,Clinton
Georgia,Polk
Washington,Okanogan
Texas,Erath
Ohio,Crawford
Tennessee,Franklin
Oklahoma,Sequoyah
Colorado,Montrose
Virginia,Tazewell
Texas,Wharton
Arkansas,Baxter
Pennsylvania,McKean
Texas,Chambers
Michigan,Sanilac
Virginia,Manassas
Florida,Okeechobee
Utah,Summit
Ohio,Preble
Virginia,Danville
Oklahoma,Mayes
Texas,Upshur
Texas,Jim Wells
Pennsylvania,Susquehanna
Pennsylvania,Tioga
Michigan,Gratiot
New York,Orleans
Wisconsin,Shawano
Ohio,Mercer
Florida,Hendry
Tennessee,Warren
Louisiana,Avoyelles
Ohio,Ottawa
Alabama,Tallapoosa
Georgia,Tift
Pennsylvania,Snyder
Florida,Levy
Wisconsin,Marinette
New York,Wyoming
West Virginia,Wayne
Idaho,Nez Perce
Tennessee,Cheatham
Tennessee,Fayette
Minnesota,Benton
Missouri,Howell
Texas,Cooke
Iowa,Marshall
Indiana,Harrison
Wyoming,Fremont
Minnesota,Mower
Tennessee,Campbell
Maine,Knox
Pennsylvania,Warren
Georgia,Murray
Maine,Waldo
Mississippi,Pike
North Carolina,Pasquotank
Idaho,Latah
Virginia,Warren
Arkansas,Union
Minnesota,Isanti
Iowa,Des Moines
North Carolina,Person
Oklahoma,McClain
Louisiana,Webster
Indiana,LaGrange
New Mexico,Rio Arriba
Alabama,Dallas
Ohio,Guernsey
Oregon,Clatsop
Idaho,Madison
Kansas,Crawford
Illinois,Franklin
South Dakota,Brown
Pennsylvania,Clinton
Ohio,Champaign
Kentucky,Calloway
Louisiana,Natchitoches
Oklahoma,Okmulgee
Pennsylvania,Clarion
Illinois,Woodford
Missouri,Webster
Missouri,Scott
Virginia,Wise
California,Amador
Wyoming,Albany
Oklahoma,Pontotoc
Indiana,Montgomery
Missouri,Lawrence
South Carolina,Newberry
Ohio,Defiance
Georgia,Oconee
Virginia,Prince George
Arizona,Graham
Illinois,Jefferson
Indiana,Cass
Texas,Brown
Illinois,Marion
Wisconsin,Oconto
Illinois,Clinton
Michigan,Chippewa
North Carolina,Yadkin
South Carolina,Colleton
Minnesota,Douglas
New York,Essex
Arkansas,Independence
Tennessee,Dyer
Indiana,Putnam
Arkansas,Boone
Kentucky,Graves
Virginia,Gloucester
North Carolina,Alexander
Alabama,Covington
Maryland,Talbot
Mississippi,Alcorn
Indiana,Knox
Georgia,Bryan
Alabama,Escambia
Louisiana,Beauregard
Iowa,Jasper
Florida,DeSoto
Wisconsin,Green
Vermont,Addison
Pennsylvania,Greene
Ohio,Williams
Texas,Matagorda
Kansas,Finney
Minnesota,Steele
Nebraska,Dodge
Virginia,Isle of Wight
Ohio,Coshocton
Iowa,Webster
Texas,Hopkins
Kentucky,Floyd
Indiana,Huntington
Texas,Howard
North Carolina,Dare
Kentucky,Whitley
Utah,Uintah
Nebraska,Scotts Bluff
Michigan,Houghton
Virginia,Louisa
Illinois,Livingston
Michigan,Delta
Ohio,Perry
Virginia,Orange
Kentucky,Clark
Minnesota,McLeod
Indiana,Miami
Vermont,Bennington
Texas,Hill
Mississippi,Monroe
Minnesota,Carlton
Mississippi,Marshall
Georgia,Ware
Kentucky,Greenup
Tennessee,Cocke
Missouri,Laclede
Missouri,Barry
Texas,Jasper
Maine,Sagadahoc
Wisconsin,Oneida
Indiana,Adams
Kansas,Cowley
Nebraska,Lincoln
North Dakota,Williams
Texas,Washington
West Virginia,Greenbrier
Iowa,Wapello
Illinois,Fulton
Nebraska,Madison
North Carolina,Scotland
Ohio,Morrow
Oklahoma,Lincoln
Iowa,Sioux
North Carolina,Macon
Montana,Silver Bow
South Dakota,Brookings
Wisconsin,Clark
Virginia,Halifax
Texas,Fannin
Kansas,Harvey
Indiana,Steuben
Missouri,Warren
New York,Seneca
Illinois,Lee
Mississippi,Lincoln
Illinois,Morgan
Iowa,Lee
Maine,Lincoln
Mississippi,Panola
Virginia,Pulaski
Kansas,Ford
Illinois,Monroe
Illinois,Effingham
Georgia,Harris
Kansas,Geary
Minnesota,Becker
South Carolina,Clarendon
Minnesota,Nicollet
Tennessee,Lincoln
Ohio,Putnam
Texas,Hale
North Carolina,Transylvania
Indiana,Whitley
West Virginia,Preston
Alabama,Chambers
Indiana,Gibson
Arkansas,Hot Spring
Louisiana,Evangeline
Tennessee,Weakley
Indiana,Jasper
Kansas,Miami
North Carolina,Bladen
Virginia,Botetourt
Alabama,Pike
Michigan,Wexford
Kansas,Lyon
Nebraska,Platte
Iowa,Marion
West Virginia,Logan
Illinois,Bureau
Indiana,Daviess
Michigan,Emmet
Minnesota,Morrison
Alabama,Lawrence
Maryland,Caroline
Oklahoma,McCurtain
Tennessee,Marshall
Illinois,Christian
Louisiana,Iberville
New Mexico,Taos
Tennessee,Rhea
Virginia,Accomack
Texas,Titus
Texas,Bee
Missouri,Lafayette
Kansas,Montgomery
Ohio,Jackson
Georgia,Lumpkin
Florida,Wakulla
South Carolina,Chester
Illinois,Randolph
Tennessee,Henry
Indiana,Clinton
Alaska,Juneau
Indiana,Jefferson
Indiana,Greene
Maryland,Dorchester
Mississippi,Bolivar
Virginia,Amherst
Missouri,Polk
New Hampshire,Coos
Tennessee,Claiborne
Utah,Wasatch
Mississippi,Pontotoc
Missouri,Stone
Nebraska,Adams
Minnesota,Polk
Maine,Washington
Alabama,Franklin
Oklahoma,Ottawa
Louisiana,Jefferson Davis
Ohio,Hardin
Indiana,Wabash
Georgia,Pickens
Kentucky,Knox
Virginia,Petersburg
Michigan,Huron
South Carolina,Williamsburg
South Carolina,Marion
West Virginia,Marshall
Washington,Jefferson
Mississippi,Adams
New York,Schoharie
Kentucky,Marshall
North Dakota,Stark
Texas,Kleberg
Kentucky,Muhlenberg
North Dakota,Morton
California,Lassen
Virginia,Smyth
Virginia,Mecklenburg
South Carolina,Dillon
Michigan,Clare
Colorado,Summit
Wisconsin,Vernon
Colorado,Delta
Illinois,McDonough
Minnesota,Freeborn
Georgia,Gilmer
Oregon,Malheur
Virginia,Caroline
Tennessee,Obion
Pennsylvania,Elk
Vermont,Caledonia
Wyoming,Sheridan
Ohio,Gallia
Georgia,Sumter
Texas,Cass
Missouri,Dunklin
Montana,Lake
Maine,Franklin
Kentucky,Boyle
Alabama,Marion
Utah,Sanpete
Virginia,Carroll
Georgia,Wayne
Texas,Austin
Georgia,Lee
Wisconsin,Trempealeau
Georgia,White
West Virginia,Hancock
Missouri,Stoddard
Mississippi,Neshoba
Tennessee,Giles
Minnesota,Cass
Oklahoma,Caddo
Maryland,Garrett
Georgia,Haralson
Minnesota,Pine
Mississippi,Leflore
Georgia,Madison
Oklahoma,Custer
Wyoming,Park
Illinois,Logan
Michigan,Mason
West Virginia,Randolph
Vermont,Orange
West Virginia,Jackson
Virginia,Wythe
Illinois,Montgomery
Virginia,Powhatan
Kansas,Ellis
South Carolina,Jasper
Virginia,Fredericksburg
Ohio,Fayette
Missouri,Marion
Georgia,Jones
Kansas,McPherson
Mississippi,Yazoo
Texas,Palo Pinto
Tennessee,Marion
Idaho,Jefferson
Michigan,Alpena
Colorado,Morgan
Mississippi,Union
Mississippi,Copiah
Virginia,Dinwiddie
Mississippi,Tate
Indiana,Ripley
Ohio,Hocking
Mississippi,Scott
Ohio,Van Wert
Minnesota,Le Sueur
Florida,Baker
Kentucky,Meade
Texas,San Jacinto
South Dakota,Codington
Indiana,Wells
Ohio,Pike
Texas,Grimes
Tennessee,Henderson
California,Glenn
North Carolina,Cherokee
Arkansas,Carroll
Virginia,Winchester
Tennessee,Carroll
Kentucky,Montgomery
Indiana,Washington
Oklahoma,Garvin
Illinois,Iroquois
Ohio,Adams
Wisconsin,Lincoln
New Mexico,San Miguel
South Dakota,Meade
Indiana,Jennings
New Mexico,Grant
California,Del Norte
South Carolina,Union
Wisconsin,Door
Ohio,Carroll
Pennsylvania,Wyoming
Florida,Bradford
Louisiana,De Soto
North Carolina,Montgomery
Ohio,Henry
Georgia,Monroe
West Virginia,Mineral
Kentucky,Carter
Georgia,Peach
Virginia,Russell
Florida,Hardee
Georgia,Toombs
South Carolina,Edgefield
Texas,Uvalde
Kentucky,Logan
Vermont,Orleans
New Mexico,Cibola
Mississippi,Simpson
North Carolina,Ashe
West Virginia,Mason
Tennessee,White
Kentucky,Bell
South Carolina,Marlboro
Idaho,Elmore
Kentucky,Harlan
Georgia,Decatur
Kentucky,Perry
Virginia,Fluvanna
New York,Lewis
Indiana,Decatur
Wisconsin,Juneau
Texas,Gillespie
Kansas,Barton
Alabama,Geneva
Michigan,Oceana
Oregon,Tillamook
Arkansas,Johnson
Iowa,Boone
North Carolina,Currituck
Oregon,Union
Kentucky,Woodford
Kentucky,Grayson
Georgia,Upson
Indiana,Clay
Virginia,King George
Michigan,Charlevoix
Mississippi,Sunflower
Oregon,Wasco
Louisiana,West Baton Rouge
Colorado,Montezuma
Tennessee,Lauderdale
Alabama,Cherokee
Arkansas,St. Francis
Nebraska,Cass
Minnesota,Mille Lacs
Tennessee,McNairy
Georgia,Hart
Minnesota,Lyon
Georgia,Stephens
Maryland,Somerset
Colorado,Elbert
Tennessee,Hardin
Missouri,Audrain
Iowa,Benton
Louisiana,Allen
Louisiana,Morehouse
Missouri,Texas
Kentucky,Taylor
Indiana,Posey
Kansas,Franklin
South Dakota,Lawrence
Tennessee,Hardeman
Michigan,Dickinson
Michigan,Cheboygan
Georgia,Fannin
Georgia,Tattnall
Missouri,Adair
Alabama,Barbour
Texas,Shelby
Vermont,Lamoille
Virginia,Salem
Michigan,Gladwin
Mississippi,Prentiss
Missouri,Miller
Michigan,Iosco
Minnesota,Brown
Texas,Fayette
Arkansas,Cleburne
West Virginia,Nicholas
Colorado,Routt
Iowa,Plymouth
Oklahoma,Jackson
New York,Yates
Mississippi,Marion
Kentucky,Grant
Indiana,Randolph
North Carolina,Anson
Missouri,Randolph
Iowa,Bremer
Missouri,Washington
Oklahoma,Seminole
Georgia,Grady
Tennessee,Hickman
Georgia,Chattooga
Texas,Milam
Florida,Washington
South Carolina,Abbeville
Pennsylvania,Juniata
Georgia,Dawson
Colorado,Teller
Kentucky,Rowan
West Virginia,Upshur
Minnesota,Todd
Michigan,Otsego
Kentucky,Lincoln
Texas,Aransas
Michigan,Manistee
Virginia,Staunton
West Virginia,Mingo
Nevada,Churchill
Wisconsin,Waushara
Missouri,Crawford
Indiana,White
Alabama,Clarke
Georgia,Butts
New Mexico,Luna
Kentucky,Ohio
North Carolina,Hertford
Illinois,Saline
Louisiana,Sabine
Virginia,Lee
Mississippi,George
Arkansas,Poinsett
Michigan,Roscommon
Kansas,Pottawatomie
Tennessee,Macon
Arkansas,Ouachita
Virginia,Page
Alabama,Winston
Arkansas,Columbia
Indiana,Scott
Nebraska,Dawson
Idaho,Jerome
Idaho,Cassia
Wisconsin,Iowa
Oregon,Jefferson
Mississippi,Itawamba
Texas,Limestone
Louisiana,Plaquemines
Texas,Panola
West Virginia,Hampshire
Michigan,Osceola
Georgia,Union
Wyoming,Teton
Idaho,Payette
Mississippi,Coahoma
Oregon,Hood River
Michigan,Antrim
Indiana,Fayette
Kansas,Sumner
Minnesota,Meeker
Tennessee,Grainger
Ohio,Meigs
Michigan,Menominee
Texas,Hockley
Oregon,Crook
Missouri,Saline
Texas,Houston
Indiana,Starke
Virginia,Prince Edward
Missouri,Ray
Virginia,Goochland
North Carolina,Martin
Mississippi,Leake
Missouri,McDonald
Indiana,Franklin
Georgia,Franklin
South Dakota,Yankton
Georgia,Crisp
North Carolina,Caswell
Oregon,Curry
Alabama,Randolph
Kentucky,Johnson
Virginia,Rockbridge
South Carolina,Fairfield
Georgia,Emanuel
Georgia,Burke
Alabama,Bibb
Louisiana,Assumption
West Virginia,Brooke
Virginia,Hopewell
Washington,Asotin
Texas,Gray
Kentucky,Anderson
Arkansas,Clark
Colorado,Logan
Idaho,Blaine
West Virginia,Boone
Missouri,Nodaway
Louisiana,Union
Kansas,Seward
Louisiana,Grant
Kentucky,Letcher
Oklahoma,Beckham
Georgia,Mitchell
Oklahoma,Adair
Texas,Bandera
Iowa,Mahaska
Virginia,Waynesboro
Iowa,Washington
Tennessee,Overton
Mississippi,Tippah
Louisiana,Pointe Coupee
Ohio,Wyandot
Tennessee,Scott
Illinois,Jersey
Virginia,Scott
Florida,Taylor
Arkansas,Hempstead
Virginia,Buchanan
Wisconsin,Vilas
Illinois,Shelby
Missouri,Henry
Minnesota,Nobles
Washington,Klickitat
Georgia,Putnam
Washington,Pacific
Virginia,New Kent
Texas,Calhoun
Arkansas,Logan
Michigan,Leelanau
Nebraska,Gage
Kentucky,Mercer
Texas,Willacy
Illinois,Jo Daviess
Illinois,Fayette
Tennessee,Morgan
Minnesota,Wabasha
Texas,Tyler
North Carolina,Madison
Arkansas,Yell
Georgia,McDuffie
California,Colusa
Texas,Moore
Mississippi,Newton
South Carolina,Barnwell
Texas,Hutchinson
Louisiana,St. James
West Virginia,Wyoming
Utah,Sevier
Alabama,Monroe
Illinois,Perry
Texas,Colorado
Nebraska,Saunders
Iowa,Buchanan
Georgia,Meriwether
Mississippi,Grenada
Texas,Llano
North Carolina,Greene
Minnesota,Hubbard
North Dakota,Stutsman
Minnesota,Fillmore
Kentucky,Allen
Michigan,Ogemaw
Texas,Lampasas
Arkansas,Conway
West Virginia,Lincoln
Indiana,Jay
Indiana,Owen
Georgia,Dodge
Oklahoma,Texas
Arizona,La Paz
Texas,Gonzales
Indiana,Sullivan
Oklahoma,Woodward
Texas,Gaines
Idaho,Minidoka
Minnesota,Dodge
Missouri,Vernon
Iowa,Jones
North Carolina,Polk
Kentucky,Wayne
Wisconsin,Jackson
Missouri,Clinton
Georgia,Worth
Wyoming,Uinta
Indiana,Spencer
Georgia,Washington
Wisconsin,Kewaunee
Mississippi,Wayne
Kentucky,Clay
Nebraska,Washington
Louisiana,Richland
Texas,DeWitt
Wisconsin,Taylor
Utah,Carbon
South Carolina,Saluda
Iowa,Carroll
Missouri,Morgan
Arkansas,Ashley
Iowa,Winneshiek
Alabama,Pickens
Louisiana,Franklin
Kansas,Cherokee
Kentucky,Breckinridge
Nebraska,Dakota
Utah,Duchesne
Kansas,Labette
Indiana,Fulton
Wisconsin,Adams
Arkansas,Polk
Indiana,Carroll
Iowa,Buena Vista
Kentucky,Bourbon
Texas,Lavaca
North Carolina,Northampton
Texas,Jones
Iowa,Henry
North Carolina,Warren
Texas,Frio
South Dakota,Davison
Minnesota,Martin
Tennessee,DeKalb
Alabama,Butler
Iowa,Fayette
Louisiana,Concordia
Tennessee,Smith
Oklahoma,McIntosh
Texas,Freestone
Mississippi,Clay
Illinois,Douglas
Washington,Adams
South Carolina,Hampton
Colorado,Chaffee
Indiana,Orange
Montana,Lincoln
Maryland,Kent
Virginia,Greene
Texas,Montague
Tennessee,Union
New Mexico,Lincoln
Mississippi,Tishomingo
Florida,Holmes
Iowa,Jackson
North Carolina,Bertie
Louisiana,East Feliciana
Alabama,Marengo
Wyoming,Lincoln
Georgia,Pierce
Kentucky,Marion
Kentucky,Adair
Missouri,Perry
Georgia,Elbert
Georgia,Berrien
Wisconsin,Langlade
Missouri,Benton
Indiana,Perry
Mississippi,Covington
Illinois,Crawford
Kansas,Jefferson
New Mexico,Roosevelt
Kansas,Dickinson
Ohio,Paulding
Georgia,Brantley
Wisconsin,Green Lake
Minnesota,Waseca
Texas,Deaf Smith
Kentucky,Hart
Kentucky,Harrison
Alabama,Macon
Georgia,Banks
Georgia,Long
Kentucky,Spencer
Georgia,Lamar
West Virginia,McDowell
California,Plumas
Minnesota,Houston
New Mexico,Los Alamos
Arkansas,Phillips
Georgia,Morgan
Florida,Madison
Iowa,Cedar
Missouri,Pike
Georgia,Appling
Mississippi,Attala
Tennessee,Humphreys
Arkansas,Drew
Iowa,Poweshiek
South Dakota,Beadle
Georgia,Pike
Texas,Bosque
Colorado,Otero
Mississippi,Stone
Texas,Eastland
Pennsylvania,Montour
Mississippi,Winston
Tennessee,Fentress
Missouri,Wright
Kentucky,Simpson
Iowa,Jefferson
Alaska,Bethel
Arkansas,Grant
Texas,Burleson
Texas,Young
Texas,Andrews
Illinois,Hancock
California,Inyo
Florida,Gilchrist
Colorado,Pitkin
New York,Schuyler
Arkansas,Arkansas
Virginia,Southampton
Colorado,Park
Missouri,Ste. Genevieve
Tennessee,Unicoi
Kentucky,Russell
North Carolina,Yancey
Tennessee,Johnson
Virginia,Westmoreland
Virginia,Patrick
Arkansas,Franklin
Mississippi,Holmes
West Virginia,Morgan
Arkansas,Randolph
Virginia,Radford
Missouri,Cooper
Iowa,Clayton
Tennessee,Haywood
Michigan,Benzie
South Dakota,Hughes
Michigan,Kalkaska
Missouri,New Madrid
North Carolina,Avery
Missouri,Andrew
Kentucky,McCreary
Wisconsin,Richland
Kentucky,Garrard
Virginia,Colonial Heights
California,Mariposa
Illinois,Edgar
South Carolina,Lee
Georgia,Greene
Idaho,Gem
Massachusetts,Dukes
Texas,Falls
Texas,Leon
Mississippi,Chickasaw
Tennessee,Chester
Iowa,Delaware
Georgia,Cook
Nebraska,Seward
Illinois,Warren
Arkansas,Sharp
Alabama,Henry
Iowa,Dickinson
Kentucky,Mason
Texas,Scurry
Arkansas,Sevier
Iowa,Hardin
Virginia,Buckingham
Texas,Lee
Iowa,Crawford
Georgia,Ben Hill
Iowa,Tama
Arkansas,Jackson
Texas,Robertson
Virginia,Manassas Park
Illinois,Union
Indiana,Parke
Virginia,Bristol
West Virginia,Taylor
New Mexico,Socorro
Maine,Piscataquis
Nevada,Humboldt
Arkansas,Cross
Kentucky,Rockcastle
Tennessee,Polk
Pennsylvania,Potter
Colorado,Gunnison
Washington,San Juan
Virginia,Giles
Wisconsin,Lafayette
Tennessee,Wayne
Virginia,King William
Missouri,Pemiscot
Georgia,Rabun
Arkansas,Van Buren
Indiana,Rush
West Virginia,Barbour
Missouri,Dallas
Florida,Dixie
Illinois,Bond
Arkansas,Lawrence
Alabama,Washington
Virginia,Brunswick
Oklahoma,Marshall
Mississippi,Jasper
Alabama,Fayette
Arkansas,Marion
Montana,Hill
Indiana,Fountain
Oklahoma,Pawnee
Idaho,Idaho
Illinois,Wayne
Illinois,Piatt
Wisconsin,Sawyer
Montana,Park
Missouri,Bates
Kansas,Atchison
North Dakota,Richland
Wisconsin,Crawford
Iowa,Clay
Arkansas,Madison
Georgia,Dade
Iowa,Iowa
West Virginia,Lewis
Tennessee,Benton
Kansas,Neosho
Colorado,Alamosa
Minnesota,Kanabec
Missouri,Moniteau
Georgia,Telfair
Illinois,Lawrence
Oregon,Baker
Iowa,Madison
Mississippi,Smith
Louisiana,Claiborne
Nebraska,Otoe
Illinois,De Witt
Kentucky,Henry
Kentucky,Casey
Kansas,Osage
Louisiana,Jackson
Minnesota,Aitkin
Texas,Pecos
Iowa,Floyd
Mississippi,Clarke
Illinois,Richland
Virginia,Grayson
Illinois,Clark
Virginia,Appomattox
Virginia,Floyd
Oklahoma,Kingfisher
Wisconsin,Washburn
Illinois,Pike
Kentucky,Lawrence
Georgia,Jefferson
Wisconsin,Ashland
Georgia,Brooks
Illinois,Mercer
Florida,Gulf
Missouri,Dent
Texas,Karnes
Indiana,Vermillion
New Mexico,Torrance
Texas,Reeves
West Virginia,Wetzel
Virginia,Nottoway
Louisiana,West Feliciana
South Dakota,Union
Minnesota,Roseau
Wisconsin,Marquette
Colorado,Grand
Florida,Union
Utah,San Juan
Wisconsin,Burnett
Iowa,Page
Minnesota,Redwood
Kentucky,Knott
Wyoming,Carbon
Ohio,Harrison
Missouri,Macon
Indiana,Tipton
Virginia,Alleghany
Idaho,Gooding
Missouri,Livingston
Michigan,Arenac
Indiana,Brown
Michigan,Gogebic
Georgia,Jeff Davis
Iowa,Mills
Michigan,Missaukee
North Carolina,Mitchell
Iowa,Hamilton
Wisconsin,Bayfield
Iowa,Kossuth
Louisiana,LaSalle
Georgia,Oglethorpe
Virginia,Williamsburg
Alabama,Cleburne
Texas,Nolan
Minnesota,Sibley
Arkansas,Clay
Tennessee,Bledsoe
Virginia,Nelson
Texas,Jackson
Tennessee,Sequatchie
Alabama,Hale
Oklahoma,Choctaw
Virginia,Dickenson
Missouri,Gasconade
South Carolina,Calhoun
Minnesota,Renville
Illinois,Moultrie
Ohio,Morgan
Kentucky,Union
Iowa,Butler
Texas,Trinity
Kansas,Bourbon
Kentucky,Pendleton
Kentucky,Fleming
North Dakota,Rolette
Pennsylvania,Fulton
Mississippi,Calhoun
Mississippi,Walthall
Illinois,Carroll
Kentucky,Trigg
Virginia,Clarke
Ohio,Noble
Tennessee,Crockett
Oklahoma,Craig
South Carolina,Bamberg
Florida,Calhoun
South Dakota,Oglala Lakota
Florida,Hamilton
Louisiana,Winn
California,Mono
Texas,Zapata
Nebraska,Saline
Colorado,Las Animas
North Carolina,Swain
Kentucky,Estill
Illinois,Massac
Kentucky,Larue
Texas,Madison
West Virginia,Braxton
Minnesota,Pennington
Tennessee,Cannon
Georgia,McIntosh
Florida,Jefferson
Mississippi,Tallahatchie
Wisconsin,Rusk
Virginia,Falls Church
North Carolina,Chowan
Iowa,Harrison
Illinois,Washington
Missouri,Cedar
West Virginia,Roane
Indiana,Newton
Georgia,Screven
South Dakota,Clay
Oklahoma,Murray
Ohio,Monroe
Wyoming,Converse
Georgia,Jasper
Texas,Newton
Michigan,Crawford
Alabama,Lamar
Illinois,White
Texas,Callahan
Alabama,Crenshaw
Iowa,O'Brien
Oklahoma,Atoka
Iowa,Allamakee
West Virginia,Hardy
Minnesota,Faribault
Alaska,Ketchikan Gateway
Nebraska,York
Georgia,Dooly
Montana,Glacier
Minnesota,Wadena
Mississippi,Greene
Illinois,Mason
Missouri,Osage
Missouri,Mississippi
Arkansas,Izard
Missouri,Ripley
Louisiana,Bienville
Texas,Comanche
Florida,Glades
Idaho,Franklin
Arkansas,Lincoln
Alaska,Kodiak Island
North Carolina,Perquimans
Tennessee,Stewart
Kentucky,Lewis
Wisconsin,Price
West Virginia,Monroe
Montana,Big Horn
Washington,Pend Oreille
Oklahoma,Hughes
Kentucky,Jackson
Tennessee,Grundy
Wyoming,Goshen
Alabama,Clay
North Dakota,McKenzie
Arkansas,Howard
Missouri,Douglas
Georgia,Macon
Kentucky,Morgan
Illinois,Clay
Illinois,Ford
Kansas,Jackson
Colorado,Archuleta
Missouri,Wayne
Virginia,Madison
Illinois,Greene
Colorado,Moffat
Wisconsin,Buffalo
Texas,Lamb
Iowa,Cass
Ohio,Vinton
Kentucky,Webster
Georgia,Charlton
Idaho,Fremont
Kentucky,Breathitt
Virginia,Amelia
Alabama,Choctaw
Texas,Camp
Utah,Millard
Virginia,Martinsville
West Virginia,Summers
Texas,Wilbarger
Texas,Dawson
Georgia,Bleckley
Alabama,Sumter
Kentucky,Butler
Iowa,Wright
South Dakota,Lake
Michigan,Presque Isle
Kentucky,Caldwell
North Carolina,Pamlico
California,Trinity
Oklahoma,Haskell
Mississippi,Lawrence
Idaho,Shoshone
Indiana,Pulaski
Kansas,Allen
Texas,Terry
Missouri,DeKalb
Minnesota,Koochiching
Illinois,Johnson
Illinois,Cass
Kentucky,Magoffin
Arkansas,Stone
Iowa,Appanoose
Mississippi,Amite
Alabama,Conecuh
Indiana,Pike
Texas,Morris
Mississippi,Yalobusha
Iowa,Union
Kentucky,Bath
Arkansas,Little River
Georgia,Crawford
Kentucky,Todd
Illinois,Menard
Kentucky,Powell
Iowa,Grundy
Virginia,Lunenburg
Arkansas,Fulton
Missouri,Bollinger
Virginia,Northumberland
Missouri,Madison
Texas,Red River
New Mexico,Colfax
Texas,Live Oak
Kentucky,Edmonson
Missouri,Linn
Tennessee,Meigs
Virginia,Poquoson
Oklahoma,Okfuskee
Virginia,Charlotte
Texas,Zavala
Tennessee,Lewis
Iowa,Chickasaw
Kentucky,Washington
Colorado,Prowers
Indiana,Blackford
Mississippi,Perry
Kansas,Marion
Minnesota,Chippewa
North Carolina,Washington
Montana,Jefferson
Virginia,Northampton
Wyoming,Big Horn
Michigan,Lake
Idaho,Boundary
Florida,Franklin
Missouri,Barton
Iowa,Lyon
Texas,Rains
Washington,Skamania
Georgia,Heard
Montana,Custer
Arkansas,Desha
Tennessee,Decatur
Tennessee,Jackson
Montana,Sanders
Illinois,Marshall
Utah,Morgan
Texas,Ward
Kentucky,Martin
Georgia,Towns
West Virginia,Grant
Iowa,Shelby
North Dakota,Ramsey
Idaho,Owyhee
North Carolina,Gates
Illinois,Wabash
Virginia,Greensville
Missouri,Montgomery
Texas,Blanco
Idaho,Teton
Virginia,Sussex
Iowa,Cherokee
Mississippi,Jefferson Davis
Oklahoma,Noble
Louisiana,Madison
Colorado,Rio Grande
Oregon,Morrow
Utah,Juab
Minnesota,Cottonwood
Texas,Duval
Oklahoma,Washita
Montana,Fergus
Georgia,Pulaski
Georgia,Bacon
Montana,Richland
Iowa,Louisa
Montana,Roosevelt
Massachusetts,Nantucket
Michigan,Iron
Oklahoma,Pushmataha
Oklahoma,Johnston
Minnesota,Pope
Louisiana,West Carroll
New Mexico,Sierra
North Carolina,Alleghany
Virginia,Essex
Kentucky,Green
Minnesota,Watonwan
Nebraska,Box Butte
North Carolina,Clay
Arkansas,Bradley
Illinois,Cumberland
Nebraska,Custer
Georgia,Candler
Iowa,Hancock
Kentucky,Owen
Michigan,Mackinac
Nebraska,Red Willow
Alabama,Coosa
Arkansas,Pike
North Dakota,Walsh
Virginia,Lancaster
Texas,Franklin
Nebraska,Colfax
Idaho,Valley
North Dakota,Barnes
Mississippi,Noxubee
Georgia,Evans
Indiana,Switzerland
Alabama,Wilcox
Virginia,Middlesex
Kentucky,Carroll
Iowa,Guthrie
Missouri,Oregon
Kentucky,Monroe
Arkansas,Chicot
Iowa,Mitchell
Montana,Carbon
Washington,Lincoln
Indiana,Crawford
Minnesota,Lake
Georgia,Chattahoochee
North Carolina,Camden
Iowa,Winnebago
Texas,Sabine
Texas,Dimmit
Texas,Clay
Georgia,Lanier
Arkansas,Scott
Arkansas,Perry
Michigan,Alcona
Oklahoma,Latimer
Oklahoma,Nowata
North Dakota,Mountrail
Georgia,Early
Louisiana,St. Helena
South Dakota,Roberts
Kentucky,Leslie
Texas,Runnels
Alabama,Bullock
Missouri,Ralls
Tennessee,Trousdale
South Dakota,Butte
Indiana,Martin
South Dakota,Todd
Kentucky,Clinton
Iowa,Keokuk
Nebraska,Holt
Missouri,Iron
Iowa,Franklin
Texas,Ochiltree
Kansas,Nemaha
Utah,Emery
Alabama,Lowndes
Mississippi,Carroll
Mississippi,Montgomery
Oklahoma,Love
Missouri,Howard
Idaho,Washington
Iowa,Montgomery
Kentucky,Metcalfe
Texas,Marion
Colorado,Yuma
Louisiana,Caldwell
Missouri,Grundy
Alaska,Nome
Mississippi,Tunica
Missouri,Lewis
Minnesota,Jackson
Mississippi,Kemper
Wyoming,Sublette
West Virginia,Ritchie
Georgia,Wilkes
Virginia,Cumberland
Minnesota,Yellow Medicine
Iowa,Sac
Alaska,North Slope
Minnesota,Stevens
Mississippi,Webster
Louisiana,Catahoula
Kansas,Marshall
Iowa,Calhoun
Texas,Parmer
Georgia,Johnson
Nevada,White Pine
Kansas,Linn
Kansas,Rice
Utah,Grand
Kansas,Brown
Nebraska,Cheyenne
North Carolina,Jones
Illinois,Jasper
North Dakota,McLean
Oklahoma,Blaine
Iowa,Humboldt
South Carolina,McCormick
Arizona,Greenlee
Colorado,Clear Creek
Montana,Stillwater
Kansas,Pratt
Iowa,Emmet
Montana,Beaverhead
Missouri,Hickory
Minnesota,Rock
Minnesota,Marshall
Missouri,St. Clair
Texas,Stephens
Iowa,Clarke
Minnesota,Swift
South Dakota,Charles Mix
Nebraska,Wayne
Georgia,Irwin
Alabama,Perry
Kentucky,McLean
Michigan,Montmorency
Alaska,Valdez-Cordova
Kentucky,Livingston
Texas,Brewster
Iowa,Howard
Nebraska,Hamilton
Missouri,Ozark
Arkansas,Lee
Minnesota,Pipestone
Montana,Rosebud
Michigan,Alger
Idaho,Benewah
Montana,Deer Lodge
Nebraska,Phelps
Mississippi,Claiborne
Georgia,Montgomery
Oklahoma,Woods
Missouri,Caldwell
South Carolina,Allendale
Montana,Dawson
Georgia,Wilkinson
Iowa,Palo Alto
Kentucky,Crittenden
Wisconsin,Forest
Nebraska,Cuming
Arkansas,Montgomery
Iowa,Greene
Kansas,Cloud
Iowa,Davis
California,Modoc
Oklahoma,Kiowa
Mississippi,Wilkinson
Texas,Somervell
Texas,Jack
Georgia,Wilcox
Minnesota,Clearwater
West Virginia,Tyler
Nebraska,Dawes
Missouri,Maries
Georgia,Jenkins
Virginia,Mathews
Missouri,Carroll
Georgia,Terrell
Kentucky,Gallatin
Iowa,Monona
Kentucky,Hancock
South Dakota,Custer
Texas,Archer
West Virginia,Clay
Kansas,Wilson
Indiana,Benton
Idaho,Clearwater
Alaska,Sitka
Florida,Lafayette
Texas,Yoakum
Missouri,Monroe
Iowa,Lucas
Wyoming,Platte
Louisiana,Red River
West Virginia,Doddridge
Kentucky,Trimble
Texas,Mitchell
Georgia,Hancock
North Carolina,Graham
Nebraska,Cedar
Missouri,Harrison
Wyoming,Johnson
North Dakota,Mercer
West Virginia,Pocahontas
Georgia,Marion
Nebraska,Knox
Michigan,Baraga
Mississippi,Humphreys
West Virginia,Webster
Arkansas,Nevada
Florida,Liberty
Texas,Coleman
Texas,Hamilton
New Mexico,Quay
Alabama,Greene
Georgia,Seminole
Kentucky,Bracken
Montana,Madison
South Dakota,Turner
Minnesota,Murray
Missouri,Daviess
Texas,San Augustine
Mississippi,Choctaw
Kentucky,Lyon
Kansas,Coffey
Alaska,Kusilvak
Michigan,Oscoda
Georgia,Atkinson
Indiana,Warren
Mississippi,Benton
Georgia,Twiggs
Missouri,Shannon
Arkansas,Prairie
Illinois,Hamilton
Tennessee,Houston
Arkansas,Cleveland
Colorado,Conejos
Georgia,Taylor
Kansas,Clay
Nebraska,Keith
Texas,McCulloch
Colorado,San Miguel
Michigan,Schoolcraft
West Virginia,Gilmer
Kentucky,Ballard
Nebraska,Butler
Wyoming,Washakie
North Dakota,Traill
Iowa,Decatur
Tennessee,Perry
Nebraska,Richardson
Georgia,Turner
Georgia,Wheeler
Arkansas,Searcy
Texas,Winkler
Georgia,Lincoln
Idaho,Lemhi
Oregon,Lake
Kansas,Anderson
Arkansas,Newton
Kansas,Thomas
Iowa,Monroe
Nebraska,Merrick
Colorado,Lake
Mississippi,Franklin
Alaska,Northwest Arctic
Oklahoma,Major
Kansas,Doniphan
Texas,Castro
Idaho,Power
Tennessee,Clay
Missouri,Dade
Washington,Ferry
Texas,Goliad
Kentucky,Elliott
Utah,Kane
Missouri,Chariton
West Virginia,Pleasants
Wyoming,Crook
Montana,Valley
Kansas,Grant
Colorado,Kit Carson
Iowa,Worth
Texas,Swisher
Texas,La Salle
Oklahoma,Tillman
Tennessee,Lake
Idaho,Boise
Virginia,Rappahannock
Kansas,Kingman
Pennsylvania,Forest
South Dakota,Hutchinson
Texas,Dallam
West Virginia,Calhoun
Arkansas,Dallas
Oregon,Harney
Wisconsin,Pepin
Texas,Childress
Virginia,Lexington
Mississippi,Jefferson
Kentucky,Wolfe
Oregon,Grant
Mississippi,Quitman
Nebraska,Thurston
Kentucky,Nicholas
Iowa,Van Buren
South Dakota,Grant
Texas,Refugio
Nebraska,Jefferson
Nebraska,Pierce
Texas,Brooks
Indiana,Union
Texas,Bailey
Louisiana,East Carroll
Iowa,Adair
Arkansas,Monroe
Wyoming,Weston
Virginia,King and Queen
Vermont,Grand Isle
Virginia,Charles City
Oregon,Wallowa
West Virginia,Pendleton
West Virginia,Tucker
Texas,Presidio
Nebraska,Nemaha
Georgia,Randolph
Illinois,Schuyler
Idaho,Caribou
Kansas,Russell
North Dakota,Pembina
Iowa,Fremont
Louisiana,Cameron
South Dakota,Bon Homme
Iowa,Ida
Kansas,Wabaunsee
Kentucky,Lee
Alaska,Southeast Fairbanks
North Dakota,Benson
Montana,Powell
Illinois,Henderson
Arkansas,Lafayette
Iowa,Pocahontas
Georgia,Treutlen
Missouri,Clark
South Dakota,Fall River
Minnesota,Lac qui Parle
Montana,Blaine
Kentucky,Cumberland
Georgia,Clinch
Colorado,Huerfano
Kansas,Pawnee
Illinois,Brown
Missouri,Gentry
Nevada,Pershing
Colorado,Saguache
Tennessee,Hancock
Arkansas,Woodruff
Nebraska,Kearney
Virginia,Surry
Minnesota,Norman
Utah,Beaver
Virginia,Galax
Nebraska,Burt
South Dakota,Moody
North Dakota,Bottineau
Virginia,Buena Vista
South Dakota,Spink
Illinois,Edwards
Kentucky,Menifee
Iowa,Wayne
Nebraska,Howard
Alaska,Prince of Wales-Hyder
Virginia,Bland
Colorado,Rio Blanco
Tennessee,Moore
Georgia,Calhoun
Nebraska,Antelope
Michigan,Luce
Georgia,Talbot
Georgia,Stewart
Minnesota,Wilkin
Missouri,Reynolds
Illinois,Alexander
Missouri,Sullivan
Kansas,Ellsworth
Nebraska,Clay
Vermont,Essex
Iowa,Taylor
Oklahoma,Jefferson
Missouri,Carter
Kansas,Mitchell
Pennsylvania,Sullivan
Kentucky,Fulton
Montana,Teton
Kansas,Greenwood
Texas,Garza
Iowa,Osceola
Kansas,Gray
South Dakota,Hamlin
Colorado,Gilpin
Missouri,Shelby
Texas,Carson
Idaho,Bear Lake
Montana,Pondera
Texas,San Saba
Nebraska,Stanton
Montana,Broadwater
Kansas,Sherman
Minnesota,Grant
North Dakota,McHenry
Michigan,Ontonagon
Indiana,Ohio
Oklahoma,Greer
Oklahoma,Cotton
Oklahoma,Alfalfa
Texas,Crosby
South Dakota,Dewey
Texas,Lynn
Kansas,Ottawa
Texas,Floyd
West Virginia,Wirt
Georgia,Miller
Colorado,Bent
Nebraska,Cherry
Tennessee,Van Buren
Colorado,Crowley
Montana,Chouteau
Texas,Haskell
Illinois,Putnam
Nebraska,Dixon
Alaska,Aleutians West
Wisconsin,Iron
Minnesota,Lincoln
Texas,Hartley
Texas,Martin
Nevada,Lander
Kansas,Stevens
Virginia,Covington
Kansas,Harper
Colorado,Lincoln
Oklahoma,Coal
Iowa,Audubon
Kansas,Morris
South Dakota,McCook
Nebraska,Fillmore
Texas,Hansford
Illinois,Pulaski
Minnesota,Mahnomen
Kansas,Washington
South Dakota,Day
South Dakota,Tripp
South Dakota,Walworth
Illinois,Stark
Kansas,Norton
Virginia,Emporia
Alaska,Yukon-Koyukuk
Oklahoma,Beaver
Minnesota,Cook
Idaho,Lincoln
Kansas,Phillips
Texas,Wheeler
North Dakota,Ransom
Georgia,Warren
Nebraska,Boone
South Dakota,Brule
Texas,Delta
Texas,Jim Hogg
Nebraska,Sheridan
Missouri,Atchison
Nebraska,Polk
Georgia,Schley
North Carolina,Hyde
Arkansas,Calhoun
Nevada,Lincoln
Nebraska,Johnson
Virginia,Craig
Tennessee,Pickett
Illinois,Gallatin
Nebraska,Thayer
Kansas,Rooks
Illinois,Scott
Utah,Garfield
Minnesota,Big Stone
Iowa,Ringgold
Alaska,Dillingham
South Dakota,Kingsbury
North Dakota,Dickey
Oklahoma,Dewey
Kansas,Scott
Missouri,Scotland
Montana,Toole
South Dakota,Marshall
Texas,Mills
Colorado,Washington
Illinois,Calhoun
Texas,Crane
Colorado,Ouray
Kentucky,Carlisle
Missouri,Putnam
Nebraska,Morrill
Colorado,Custer
Montana,Musselshell
Nebraska,Furnas
Kansas,Republic
Kansas,Barber
Pennsylvania,Cameron
Wyoming,Hot Springs
Louisiana,Tensas
Wisconsin,Menominee
Missouri,Schuyler
New Mexico,Mora
New York,Hamilton
Kentucky,Hickman
Nevada,Mineral
Kentucky,Owsley
Missouri,Holt
Texas,Hudspeth
Mississippi,Sharkey
Oklahoma,Grant
North Dakota,Dunn
Idaho,Oneida
Texas,Kimble
North Dakota,Sioux
New Mexico,Guadalupe
South Dakota,Deuel
Wisconsin,Florence
Minnesota,Kittson
Virginia,Bath
New Mexico,Hidalgo
Colorado,Phillips
Washington,Wahkiakum
Montana,Mineral
Nebraska,Nuckolls
Nebraska,Valley
Illinois,Pope
Texas,Mason
South Dakota,Gregory
Kansas,Stafford
Kansas,Meade
Idaho,Custer
South Dakota,Corson
New Mexico,Union
North Dakota,Pierce
North Dakota,LaMoure
Idaho,Adams
North Carolina,Tyrrell
Montana,Phillips
Kansas,Haskell
Minnesota,Red Lake
Oklahoma,Ellis
Texas,Hemphill
Washington,Columbia
Nevada,Storey
Georgia,Echols
North Dakota,Wells
Virginia,Norton
Missouri,Knox
Texas,Hardeman
Illinois,Hardin
South Dakota,Edmunds
Kansas,Kearny
North Dakota,Sargent
Texas,Fisher
South Dakota,Lyman
Idaho,Lewis
Texas,Sutton
North Dakota,Cavalier
Nebraska,Chase
Minnesota,Lake of the Woods
Texas,Reagan
Oklahoma,Harper
Colorado,Costilla
Texas,Knox
South Dakota,Clark
Iowa,Adams
Montana,Sweet Grass
Oklahoma,Roger Mills
Texas,Upton
Texas,Kinney
Missouri,Mercer
Nebraska,Kimball
Kansas,Smith
Texas,Baylor
Colorado,Baca
Nebraska,Nance
Nebraska,Webster
Kansas,Osborne
New Mexico,Catron
Texas,Crockett
Montana,Sheridan
South Dakota,Bennett
Nebraska,Harlan
Texas,Real
South Dakota,Hanson
Texas,Lipscomb
Alaska,Aleutians East
Texas,Donley
Kansas,Chautauqua
Montana,Granite
Minnesota,Traverse
North Dakota,Emmons
Texas,Coke
Texas,Shackelford
South Dakota,Jackson
Texas,Concho
North Dakota,Foster
Alaska,Petersburg
South Dakota,Hand
Kansas,Woodson
North Dakota,Bowman
Georgia,Baker
Texas,Sherman
Texas,Hall
Kansas,Lincoln
California,Sierra
Nebraska,Sherman
Kansas,Rush
South Dakota,Stanley
Nebraska,Brown
Georgia,Glascock
Nebraska,Franklin
Texas,Schleicher
Texas,Collingsworth
Georgia,Clay
South Dakota,Douglas
Montana,Fallon
Nebraska,Perkins
South Dakota,Perkins
North Dakota,Nelson
Texas,Cochran
Kansas,Jewell
Kansas,Ness
Kansas,Edwards
Kansas,Decatur
Kansas,Trego
Nebraska,Hitchcock
Kansas,Logan
South Dakota,Ziebach
South Dakota,Aurora
Kansas,Morton
Oklahoma,Harmon
Utah,Wayne
Kansas,Cheyenne
Nebraska,Pawnee
Kansas,Gove
Nebraska,Frontier
Kansas,Chase
Georgia,Webster
North Dakota,McIntosh
Kansas,Hamilton
Idaho,Butte
North Dakota,Hettinger
Kansas,Elk
Kansas,Graham
Alaska,Haines
Kansas,Sheridan
Kansas,Kiowa
Alaska,Wrangell
Kansas,Rawlins
North Dakota,Kidder
North Dakota,Renville
Wyoming,Niobrara
North Dakota,Griggs
Utah,Rich
Nebraska,Greeley
South Dakota,Sanborn
North Dakota,Grant
Montana,Liberty
North Dakota,Divide
Colorado,Sedgwick
South Dakota,Potter
South Dakota,Faulk
North Dakota,Adams
North Dakota,Eddy
South Dakota,McPherson
Georgia,Quitman
Alaska,Denali
Texas,Jeff Davis
Washington,Garfield
North Dakota,Towner
Texas,Culberson
South Dakota,Miner
Virginia,Highland
Texas,Dickens
North Dakota,Burke
Oklahoma,Cimarron
Montana,Wheatland
Alaska,Hoonah-Angoon
Kansas,Wichita
Kentucky,Robertson
Texas,Menard
Michigan,Keweenaw
Texas,Oldham
South Dakota,Mellette
Kansas,Stanton
New Mexico,De Baca
Missouri,Worth
Colorado,Cheyenne
Kansas,Clark
South Dakota,Buffalo
South Dakota,Haakon
South Dakota,Jerauld
Nebraska,Gosper
Nebraska,Garfield
Texas,Armstrong
Montana,Judith Basin
Nebraska,Boyd
Texas,Edwards
Nebraska,Dundy
Montana,Meagher
Oregon,Gilliam
Kansas,Hodgeman
North Dakota,Logan
Utah,Piute
Nebraska,Garden
Nevada,Eureka
Colorado,Dolores
North Dakota,Golden Valley
North Dakota,Oliver
Nebraska,Deuel
Montana,McCone
North Dakota,Steele
Kansas,Comanche
Montana,Daniels
Oregon,Sherman
Texas,Cottle
Texas,Irion
Georgia,Taliaferro
Montana,Powder River
Kansas,Wallace
Kansas,Lane
Texas,Glasscock
Colorado,Kiowa
South Dakota,Campbell
Texas,Stonewall
Texas,Briscoe
Texas,Throckmorton
Oregon,Wheeler
Nebraska,Rock
North Dakota,Sheridan
Alaska,Lake and Peninsula
Mississippi,Issaquena
Montana,Carter
South Dakota,Hyde
South Dakota,Harding
South Dakota,Sully
Texas,Foard
Colorado,Jackson
Texas,Motley
Montana,Prairie
Texas,Sterling
Nebraska,Sioux
Kansas,Greeley
Montana,Wibaux
Alaska,Skagway
Idaho,Camas
California,Alpine
Montana,Garfield
Nevada,Esmeralda
Nebraska,Logan
North Dakota,Billings
Idaho,Clark
Texas,Terrell
Nebraska,Hayes
Alaska,Bristol Bay
Colorado,Hinsdale
Colorado,Mineral
Texas,Roberts
South Dakota,Jones
Nebraska,Wheeler
Texas,McMullen
Nebraska,Keya Paha
North Dakota,Slope
Montana,Golden Valley
Nebraska,Grant
Nebraska,Banner
Nebraska,Hooker
Montana,Treasure
Alaska,Yakutat
Texas,Kent
Nebraska,Thomas
Texas,Borden
Utah,Daggett
Nebraska,Loup
Colorado,San Juan
Texas,Kenedy
Nebraska,Blaine
Montana,Petroleum
New Mexico,Harding
Nebraska,Arthur
Nebraska,McPherson
Texas,King
Texas,Loving
Hawaii,Kalawao
